Block,ALAL,ARTR,BRTE,CETE,DEPI,DF,DS,ELEL,HAGL,LEPE,NONE,OTHER,Year
1,0.33967391304347827,4.008152173913043,6.623641304347825,0.0,0.2717391304347826,0.0,0.0,1.766304347826087,0.8491847826086956,0.1358695652173913,85.7336956521739,0.2717391304347826,2015
2,0.6542699724517906,4.201101928374656,6.577134986225895,0.0,0.2066115702479339,0.0,0.0,1.9283746556473829,1.0674931129476584,0.03443526170798898,84.9862258953168,0.34435261707988984,2015
3,0.0,1.936141304347826,8.084239130434783,0.10190217391304347,0.06793478260869565,0.6793478260869565,0.7472826086956522,1.3247282608695652,1.2907608695652173,0.30570652173913043,85.46195652173914,0.0,2015
4,0.10176390773405698,2.4423337856173677,7.360922659430122,0.0,0.06784260515603799,0.0,0.0,2.1370420624151967,1.322930800542741,0.0,86.53324287652646,0.033921302578018994,2015
5,0.7246376811594203,3.4782608695652173,4.891304347826087,0.0,0.18115942028985507,0.18115942028985507,0.25362318840579706,2.1739130434782608,1.3405797101449275,0.036231884057971016,86.19565217391305,0.5434782608695652,2015
