Block,ALAL,ARTR,BRTE,CETE,DEPI,DF,DG,DS,ELEL,HAGL,L,LEPE,NONE,OTHER,WL,Year
1,0.1358695652173913,2.921195652173913,6.657608695652175,0.5095108695652174,0.16983695652173914,0.0,0.0,0.7133152173913043,1.4945652173913044,0.7472826086956522,0.0,0.16983695652173914,86.41304347826086,0.0,0.06793478260869565,2016
2,0.9510869565217392,2.547554347826087,5.570652173913043,2.6494565217391304,0.10190217391304347,0.6453804347826086,1.2907608695652173,1.5625,1.7323369565217392,1.8342391304347827,0.10190217391304347,0.30570652173913043,80.60461956521739,0.06793478260869565,0.033967391304347824,2016
3,0.033967391304347824,2.479619565217391,6.555706521739131,1.6983695652173911,0.06793478260869565,0.30570652173913043,0.985054347826087,0.7133152173913043,1.8342391304347827,0.8831521739130435,0.0,1.6644021739130437,82.67663043478261,0.0,0.10190217391304347,2016
4,0.2377717391304348,1.8002717391304348,9.782608695652174,0.8152173913043478,0.20380434782608695,0.4076086956521739,0.6453804347826086,0.4755434782608696,2.4456521739130435,0.9171195652173914,0.0,0.033967391304347824,82.13315217391305,0.06793478260869565,0.033967391304347824,2016
5,1.0529891304347827,2.5135869565217392,3.804347826086957,1.0190217391304348,0.2717391304347826,1.0529891304347827,0.6114130434782609,0.5095108695652174,1.970108695652174,2.0380434782608696,0.0,0.0,85.02038043478261,0.06793478260869565,0.06793478260869565,2016
