Block,ARTR,BRTE,CETE,DF,DG,DS,ELEL,NONE,OTHER,Year
1,3.2948369565217392,8.797554347826086,4.415760869565218,0.7472826086956522,1.2567934782608696,0.577445652173913,2.207880434782609,75.71331521739131,2.989130434782609,2017
2,3.3627717391304346,5.163043478260869,6.317934782608696,1.0190217391304348,0.4755434782608696,0.4076086956521739,1.596467391304348,78.09103260869566,3.5665760869565215,2017
3,2.1739130434782608,7.2690217391304355,4.857336956521739,0.8152173913043478,0.7472826086956522,0.7133152173913043,1.8002717391304348,76.7663043478261,4.857336956521739,2017
4,2.6154891304347827,11.548913043478262,3.3967391304347823,0.4755434782608696,1.528532608695652,0.78125,3.057065217391304,75.03396739130434,1.5625,2017
5,3.091032608695652,5.434782608695652,5.536684782608696,0.9171195652173914,0.9510869565217392,0.78125,1.9021739130434785,77.68342391304348,3.7024456521739126,2017
