Plot,ALAL,ARTR,BRTE,CETE,DEPI,DF,DG,DS,ELEL,HAGL,L,LEPE,NONE,OTHER,WL,Year
BN,2.010869565217391,0.05434782608695652,18.478260869565215,2.608695652173913,0.05434782608695652,0.43478260869565216,4.510869565217392,0.05434782608695652,3.315217391304348,0.0,1.5217391304347827,0.05434782608695652,66.84782608695652,0.0,0.05434782608695652,2017
BS,0.05434782608695652,0.0,6.8478260869565215,8.641304347826088,0.9782608695652175,2.3369565217391304,1.576086956521739,0.05434782608695652,0.8152173913043478,0.05434782608695652,2.282608695652174,3.75,72.33695652173913,0.21739130434782608,0.05434782608695652,2017
RN,0.8152173913043478,0.0,14.23913043478261,0.9782608695652175,0.10869565217391304,0.2717391304347826,0.10869565217391304,0.10869565217391304,1.4673913043478262,0.0,0.2717391304347826,0.05434782608695652,81.46739130434783,0.10869565217391304,0.0,2017
RS,0.0,0.0,10.271739130434783,7.065217391304348,1.4130434782608696,1.7391304347826086,0.5434782608695652,0.0,0.7608695652173914,0.0,1.7934782608695652,3.4239130434782608,72.88043478260869,0.05434782608695652,0.05434782608695652,2017
UN,0.02717391304347826,5.570652173913043,3.5597826086956523,4.320652173913044,0.0,0.43478260869565216,0.3804347826086957,1.2771739130434783,3.179347826086956,0.0,1.0869565217391304,0.1358695652173913,79.78260869565217,0.08152173913043478,0.16304347826086957,2017
US,0.0,6.032608695652174,2.092391304347826,5.6521739130434785,0.08152173913043478,0.3532608695652174,0.21739130434782608,1.2228260869565217,2.092391304347826,0.02717391304347826,0.8967391304347826,0.6793478260869565,80.08152173913044,0.16304347826086957,0.4076086956521739,2017
