Block,ARTR,BRTE,CETE,DF,DG,DS,ELEL,NONE,OTHER,Year
1,4.110054347826087,7.302989130434782,0.7133152173913043,0.7133152173913043,1.936141304347826,0.10190217391304347,2.9551630434782608,80.87635869565217,1.2907608695652173,2018
2,3.4646739130434785,4.823369565217392,0.577445652173913,0.2377717391304348,1.4605978260869565,0.44157608695652173,2.0720108695652173,84.1711956521739,2.751358695652174,2018
3,2.717391304347826,5.672554347826087,0.5095108695652174,0.7472826086956522,1.4605978260869565,0.7472826086956522,3.057065217391304,84.23913043478261,0.8491847826086956,2018
4,2.547554347826087,8.355978260869565,0.4076086956521739,0.20380434782608695,2.6834239130434785,0.6453804347826086,2.7853260869565215,81.58967391304348,0.78125,2018
5,3.6005434782608696,5.095108695652174,0.8152173913043478,0.20380434782608695,1.8342391304347827,0.5095108695652174,2.4456521739130435,84.00135869565217,1.4945652173913044,2018
