Plot,ARTR,BRTE,CETE,DF,DG,DS,ELEL,NONE,OTHER,Year
BN,0.0,11.304347826086957,0.0,0.16304347826086957,2.989130434782609,0.05434782608695652,3.91304347826087,79.23913043478261,2.3369565217391304,2018
BS,0.05434782608695652,8.369565217391305,1.358695652173913,0.5434782608695652,1.5217391304347827,0.0,1.0869565217391304,84.1304347826087,2.9347826086956523,2018
RN,0.0,13.858695652173914,0.16304347826086957,0.05434782608695652,2.989130434782609,0.0,2.717391304347826,78.04347826086956,2.1739130434782608,2018
RS,0.0,11.684782608695652,1.25,1.3043478260869565,2.9347826086956523,0.0,1.141304347826087,80.0,1.684782608695652,2018
UN,6.114130434782608,1.059782608695652,0.625,0.29891304347826086,1.2771739130434783,0.9239130434782609,4.3478260869565215,84.91847826086956,0.43478260869565216,2018
US,7.010869565217391,1.3315217391304348,0.4076086956521739,0.3532608695652174,1.0054347826086956,1.0054347826086956,1.875,86.27717391304348,0.7336956521739131,2018
