Plot,ARTR,BRTE,CETE,DF,DG,DS,ELEL,NONE,OTHER,Year
BN,0.0,15.32608695652174,2.119565217391304,0.0,1.0869565217391304,0.0,4.945652173913043,69.07608695652175,7.445652173913044,2019
BS,0.0,15.271739130434783,11.467391304347826,0.16304347826086957,0.16304347826086957,0.0,1.0869565217391304,66.95652173913044,4.891304347826087,2019
RN,0.0,13.586956521739129,3.0434782608695654,0.05434782608695652,0.8695652173913043,0.05434782608695652,4.782608695652174,70.65217391304348,6.956521739130435,2019
RS,0.0,15.706521739130435,10.108695652173912,0.0,0.2717391304347826,0.0,2.3369565217391304,67.22826086956522,4.3478260869565215,2019
UN,5.733695652173913,4.048913043478261,7.635869565217392,0.0,0.29891304347826086,1.4130434782608696,5.108695652173913,74.40217391304348,1.358695652173913,2019
US,6.086956521739131,2.4728260869565215,10.652173913043478,0.0,0.16304347826086957,1.576086956521739,2.5815217391304346,74.53804347826087,1.9293478260869565,2019
