Block,ARTR,BRTE,CETE,DF,DG,DS,ELEL,NONE,OTHER,Year
1,3.532608695652174,10.15625,7.608695652173914,0.0,0.20380434782608695,0.4076086956521739,4.008152173913043,70.92391304347827,3.158967391304348,2019
2,2.717391304347826,6.895380434782608,8.797554347826086,0.0,1.1209239130434783,0.6793478260869565,2.6834239130434785,71.26358695652173,5.842391304347826,2019
3,2.5135869565217392,8.763586956521738,8.967391304347826,0.10190217391304347,0.2377717391304348,0.5434782608695652,4.279891304347826,71.875,2.717391304347826,2019
4,2.751358695652174,12.058423913043478,5.9103260869565215,0.033967391304347824,0.2377717391304348,1.2228260869565217,3.2948369565217392,70.44836956521739,4.042119565217392,2019
5,3.260869565217391,7.710597826086957,8.28804347826087,0.0,0.2717391304347826,0.9171195652173914,3.5665760869565215,72.8600543478261,3.125,2019
