Plot,ALAL,ARTR,BRTE,CETE,DEPI,DF,DG,DS,ELEL,HAGL,L,LEPE,NONE,OTHER,W,WL,Year
BN,0.8695652173913043,0.05434782608695652,4.782608695652174,0.21739130434782608,0.05434782608695652,2.3369565217391304,10.434782608695652,0.0,2.2282608695652173,0.0,0.05434782608695652,0.05434782608695652,78.80434782608695,0.05434782608695652,0.0,0.05434782608695652,2020
BS,0.0,0.0,1.25,1.358695652173913,0.0,4.4021739130434785,11.195652173913045,0.05434782608695652,0.05434782608695652,0.0,0.05434782608695652,2.1739130434782608,78.6413043478261,0.5978260869565217,0.0,0.21739130434782608,2020
RN,1.8478260869565217,0.0,3.967391304347826,0.8152173913043478,0.16304347826086957,2.1739130434782608,10.16304347826087,0.05434782608695652,2.4456521739130435,0.05434782608695652,0.0,0.10869565217391304,77.82608695652173,0.32608695652173914,0.0,0.05434782608695652,2020
RS,0.0,0.0,1.8478260869565217,1.0869565217391304,0.05434782608695652,3.532608695652174,14.021739130434781,0.0,0.32608695652173914,0.0,0.10869565217391304,1.7391304347826086,76.90217391304348,0.21739130434782608,0.0,0.16304347826086957,2020
UN,0.0,5.788043478260869,0.08152173913043478,1.4673913043478262,0.0,0.4076086956521739,2.8532608695652173,1.8206521739130435,2.6358695652173916,0.0,0.02717391304347826,0.0,84.21195652173913,0.16304347826086957,0.02717391304347826,0.5163043478260869,2020
US,0.0,5.679347826086956,0.10869565217391304,1.2771739130434783,0.0,0.5163043478260869,2.391304347826087,1.684782608695652,0.9782608695652175,0.0,0.1358695652173913,0.0,86.44021739130436,0.16304347826086957,0.0,0.625,2020
