Block,ARTR,BRTE,CETE,DF,DG,DS,ELEL,NONE,OTHER,Year
1,2.797202797202797,10.664335664335663,2.097902097902098,0.5244755244755245,0.34965034965034963,1.2237762237762237,0.6993006993006993,79.02097902097903,2.6223776223776225,2022
2,3.4722222222222223,5.902777777777778,2.256944444444444,0.0,0.0,0.0,0.5208333333333333,83.85416666666666,3.9930555555555554,2022
3,1.206896551724138,8.275862068965518,2.7586206896551726,0.0,0.1724137931034483,0.6896551724137931,0.5172413793103449,83.62068965517241,2.7586206896551726,2022
4,2.054794520547945,10.95890410958904,1.5410958904109588,0.5136986301369862,0.17123287671232876,1.0273972602739725,0.17123287671232876,81.16438356164383,2.3972602739726026,2022
5,3.125,8.854166666666668,4.6875,0.0,0.0,0.0,0.8680555555555556,79.34027777777779,3.125,2022
