Block,ALAL,ARTR,BRTE,CETE,DEPI,DF,DG,DS,ELEL,L,NONE,OTHER,WL,litter,Year
1,1.7482517482517483,2.797202797202797,10.664335664335663,2.097902097902098,0.17482517482517482,0.5244755244755245,0.34965034965034963,1.2237762237762237,0.6993006993006993,0.0,79.02097902097903,0.5244755244755245,0.17482517482517482,0.0,2022
2,2.083333333333333,3.4722222222222223,5.902777777777778,2.256944444444444,0.0,0.0,0.0,0.0,0.5208333333333333,0.0,83.85416666666666,0.3472222222222222,0.0,1.5625,2022
3,1.7241379310344827,1.206896551724138,8.275862068965518,2.7586206896551726,0.1724137931034483,0.0,0.1724137931034483,0.6896551724137931,0.5172413793103449,0.0,83.62068965517241,0.8620689655172413,0.0,0.0,2022
4,1.0273972602739725,2.054794520547945,10.95890410958904,1.5410958904109588,0.17123287671232876,0.5136986301369862,0.17123287671232876,1.0273972602739725,0.17123287671232876,0.8561643835616438,81.16438356164383,0.0,0.3424657534246575,0.0,2022
5,2.951388888888889,3.125,8.854166666666668,4.6875,0.1736111111111111,0.0,0.0,0.0,0.8680555555555556,0.0,79.34027777777779,0.0,0.0,0.0,2022
