Plot,ARTR,BRTE,CETE,ELEL,NONE,OTHER,Year
BN,0.0,9.583333333333334,2.2222222222222223,0.8333333333333334,66.11111111111111,21.25,2023
BS,0.1388888888888889,11.38888888888889,3.0555555555555554,0.0,71.66666666666667,13.750000000000002,2023
UN,6.25,9.305555555555555,8.61111111111111,1.3888888888888888,67.63888888888889,6.805555555555555,2023
US,4.583333333333333,7.5,10.416666666666668,0.4166666666666667,70.55555555555556,6.527777777777779,2023
