Block,ALAL,ARTR,BRTE,CETE,DEPI,ELEL,L,NONE,OTHER,litter,Year
1,1.7361111111111112,3.125,6.076388888888888,6.770833333333333,0.0,1.0416666666666665,16.666666666666664,64.23611111111111,0.3472222222222222,0.0,2023
2,2.951388888888889,2.083333333333333,11.11111111111111,5.902777777777778,0.0,1.215277777777778,5.729166666666666,68.05555555555556,0.1736111111111111,2.7777777777777777,2023
3,0.5208333333333333,3.125,8.333333333333332,5.034722222222222,0.0,0.3472222222222222,5.729166666666666,74.82638888888889,2.083333333333333,0.0,2023
4,1.3888888888888888,1.7361111111111112,10.590277777777777,4.861111111111112,0.0,0.1736111111111111,4.513888888888888,74.65277777777779,2.083333333333333,0.0,2023
5,2.7777777777777777,3.6458333333333335,11.11111111111111,7.8125,0.3472222222222222,0.5208333333333333,0.0,63.19444444444444,0.0,10.590277777777777,2023
