Plot,ARTR,BRTE,CETE,ELEL,NONE,OTHER,Year
BN,0.0,11.11111111111111,4.166666666666666,1.25,72.77777777777777,10.694444444444445,2024
BS,0.0,15.0,7.916666666666666,0.0,74.16666666666667,2.9166666666666665,2024
UN,6.25,7.361111111111112,7.083333333333333,1.8055555555555554,74.72222222222223,2.7777777777777777,2024
US,6.805555555555555,8.472222222222223,6.944444444444445,0.6944444444444444,76.25,0.8333333333333334,2024
