Block,ARTR,BRTE,CETE,ELEL,NONE,OTHER,Year
1,5.034722222222222,9.722222222222223,8.506944444444445,1.5625,69.96527777777779,5.208333333333334,2024
2,3.8194444444444446,11.284722222222223,7.8125,0.6944444444444444,70.13888888888889,6.25,2024
3,2.083333333333333,10.416666666666668,5.208333333333334,2.083333333333333,76.38888888888889,3.8194444444444446,2024
4,1.215277777777778,11.805555555555555,4.6875,0.0,78.99305555555556,3.298611111111111,2024
5,4.166666666666666,9.20138888888889,6.423611111111111,0.3472222222222222,76.90972222222221,2.951388888888889,2024
