ARTR,BRTE,CETE,DF,DG,DS,ELEL,NONE,OTHER
2.9856102199734456,5.719130153945527,2.494886424803531,0.640542577241899,1.9575124699465318,0.6306742742311694,1.9440556931137185,81.19191158000503,2.435676606739154
